<?xml version="1.0" encoding="utf-8" ?>
<dwsync>
<file name="btnNext.png" server="ftp.themefuse.com//demo/html/The Practice/" local="129409652220000000" remote="129826511400000000" />
<file name="btnPrevious.png" server="ftp.themefuse.com//demo/html/The Practice/" local="129409652220000000" remote="129826511400000000" />
<file name="contentPatternBottom.png" server="ftp.themefuse.com//demo/html/The Practice/" local="129409652220000000" remote="129826511400000000" />
<file name="contentPatternLeft.png" server="ftp.themefuse.com//demo/html/The Practice/" local="129409652220000000" remote="129826511400000000" />
<file name="contentPatternRight.png" server="ftp.themefuse.com//demo/html/The Practice/" local="129409652220000000" remote="129826511400000000" />
<file name="contentPatternTop.png" server="ftp.themefuse.com//demo/html/The Practice/" local="129409652220000000" remote="129826511400000000" />
<file name="default_thumbnail.gif" server="ftp.themefuse.com//demo/html/The Practice/" local="129409652220000000" remote="129826511400000000" />
<file name="loader.gif" server="ftp.themefuse.com//demo/html/The Practice/" local="129409652220000000" remote="129826511400000000" />
<file name="sprite.png" server="ftp.themefuse.com//demo/html/The Practice/" local="129409652220000000" remote="129826511400000000" />
</dwsync>