<?xml version="1.0" encoding="utf-8" ?>
<dwsync>
<file name="general.js" server="ftp.themefuse.com//demo/html/The Practice/" local="129821727027942181" remote="129826512600000000" />
<file name="jquery.easing.1.3.js" server="ftp.themefuse.com//demo/html/The Practice/" local="129579994480000000" remote="129826512600000000" />
<file name="jquery.flexslider-min.js" server="ftp.themefuse.com//demo/html/The Practice/" local="129637685800000000" remote="129826512600000000" />
<file name="jquery.gmap.min.js" server="ftp.themefuse.com//demo/html/The Practice/" local="129582064780000000" remote="129826513200000000" />
<file name="jquery.infieldlabel.min.js" server="ftp.themefuse.com//demo/html/The Practice/" local="129158490120000000" remote="129826513200000000" />
<file name="jquery.jcarousel.min.js" server="ftp.themefuse.com//demo/html/The Practice/" local="129724961529829871" remote="129826513200000000" />
<file name="jquery.prettyPhoto.js" server="ftp.themefuse.com//demo/html/The Practice/" local="129821513403923586" remote="129826513200000000" />
<file name="jquery.tools.min.js" server="ftp.themefuse.com//demo/html/The Practice/" local="129785144757016646" remote="129826513200000000" />
<file name="plugins.js" server="ftp.themefuse.com//demo/html/The Practice/" local="129808534528081578" remote="129826513200000000" />
<file name="shBrushPlain.js" server="ftp.themefuse.com//demo/html/The Practice/" local="129218523640000000" remote="129826513200000000" />
<file name="shCore.js" server="ftp.themefuse.com//demo/html/The Practice/" local="129579994460000000" remote="129826513200000000" />
<file name="slides.min.jquery.js" server="ftp.themefuse.com//demo/html/The Practice/" local="129597069840000000" remote="129826513200000000" />
<file name="custom.js" server="ftp.themefuse.com//demo/html/ThePractice/" local="129417028200000000" remote="129856576200000000" />
</dwsync>